,date,temperature,overall_score,composition_score,revitalization_score,duration_score,deep_sleep_in_minutes,resting_heart_rate,restlessness,bpm
0,2022-03-04,-2.4948452712100138,67,17,15,35,66,60,0.0734787600459242,68.87396891443355
1,2022-04-19,-2.3747786081483824,75,16,17,42,62,52,0.0719656283566058,62.83660428592897
2,2022-03-10,-3.100640604556973,88,21,22,45,126,60,0.0546946216955332,67.20673142645546
3,2022-04-25,-3.08229543785302,56,15,15,26,23,56,0.1001855287569573,67.18799173156896
4,2022-06-08,-2.9836742002228274,75,20,19,36,69,55,0.0878155872667398,69.1633133912923
5,2022-01-01,-2.1414398250891034,68,19,18,31,69,60,0.0811965811965812,61.60711539381363
6,2022-01-15,-0.019855671992046957,61,17,10,34,70,57,0.1445904954499494,68.97206320128234
7,2022-01-14,-1.975760742261769,77,21,20,36,82,59,0.0897009966777408,68.56284524156501
8,2022-06-09,-2.74822524206692,76,22,16,38,88,54,0.0706401766004415,59.2147859188904
9,2022-04-24,-2.648157729067706,68,16,15,37,49,54,0.0790378006872852,76.12603279197882
10,2022-04-30,-2.834139194139197,78,21,18,39,81,58,0.0732807215332581,65.08942559555524
11,2022-04-18,-2.157149132652149,84,21,22,41,71,53,0.0712074303405572,59.13046765803897
12,2022-03-11,-1.2410005232253885,84,21,18,45,68,58,0.0928116469517743,66.11051280303546
13,2022-03-05,-0.6264511847995804,82,21,19,42,82,62,0.0791878172588832,63.76924904942966
14,2022-03-13,-0.5743933629388328,70,15,15,40,49,57,0.088235294117647,61.6454634187744
15,2022-04-26,-1.3730089328308912,79,20,14,45,80,57,0.07113654946852,63.02422269501078
16,2022-01-02,-2.3695216994453245,84,19,20,45,81,61,0.0605794556628621,76.71253432077552
17,2022-01-03,-2.3925093583497135,68,19,15,34,58,60,0.0801001251564455,61.696459489819574
18,2022-01-17,-2.6125123671730326,80,21,21,38,69,58,0.0623556581986143,63.264437101060366
19,2022-04-27,-1.31736240429772,87,22,20,45,96,59,0.0737033666969972,60.999444899550106
20,2022-03-12,0.38242911766828325,87,22,20,45,95,58,0.0760180995475113,66.93252390286835
21,2022-04-23,-1.8905303491989307,76,20,21,35,102,56,0.1007268951194184,64.54020271778121
22,2022-03-16,0.12460195172059817,78,17,20,41,82,58,0.069175991861648,57.79273273248346
23,2022-03-02,-2.1793827368118692,76,18,19,39,88,58,0.0704225352112676,66.57805002277775
24,2022-01-13,-3.41683558035022,76,22,16,38,88,59,0.0634755463059313,64.34973299015378
25,2022-01-07,-2.560166753789306,69,19,14,36,89,62,0.0667384284176533,75.84976482523287
26,2022-01-06,-1.6562605080800918,80,21,17,42,58,62,0.0649895178197065,73.51745728795535
27,2022-01-12,-1.3366742538261847,81,21,19,41,103,60,0.0635226179018286,64.57367830612304
28,2022-03-03,-2.70301858989252,78,21,16,41,96,58,0.0686735653809971,72.3353137620379
29,2022-03-17,-2.5912094546798,87,21,21,45,66,57,0.0837124658780709,64.4284065103198
30,2022-04-22,-3.024933411331277,79,22,17,40,103,55,0.0725075528700906,61.991309877066556
31,2022-03-29,-1.8743831883080435,66,17,17,32,57,57,0.0869565217391304,60.4493403079999
32,2022-04-20,-2.40921523309528,79,23,14,42,117,53,0.0726915520628683,64.1896494024626
33,2022-04-08,-2.886602919738896,82,21,22,39,68,61,0.0764904386951631,66.59365813064827
34,2022-03-01,-2.661022279430458,83,21,20,42,67,58,0.0467587672688629,66.39084659084618
35,2022-03-15,-0.43809725158562135,70,21,15,34,79,57,0.0935799782372143,61.191896220898144
36,2022-01-04,-2.431360330743182,81,22,21,38,91,62,0.0652883569096844,72.90716085665429
37,2022-01-10,-1.9085858809893466,84,21,22,41,62,63,0.0557851239669421,65.69764080251687
38,2022-06-18,-1.0454144192926085,76,21,17,38,43,58,0.0639053254437869,70.56554835071891
39,2022-01-11,-2.085422515300454,73,17,21,35,77,61,0.0671563483735571,65.18101882639579
40,2022-01-05,-2.248282070974966,72,21,15,36,58,60,0.061923583662714,68.51153139074248
41,2022-03-14,0.418490604996908,83,20,21,42,86,58,0.0681114551083591,60.78304273589491
42,2022-04-09,-3.0502796940175405,74,17,17,40,54,58,0.1097922848664688,66.39134563731226
43,2022-03-28,-2.877362197784283,77,21,19,37,59,57,0.0617678381256656,65.08381576472627
44,2022-04-21,-3.2866685845212125,76,21,14,41,68,55,0.0557103064066852,69.13974261310483
45,2022-05-06,-2.7197252525252567,68,16,19,33,81,58,0.095512082853855,61.06969316023095
46,2022-05-12,-3.188438890114868,73,20,13,40,67,55,0.0817916260954235,64.01726639234772
47,2021-12-16,-2.1216480140334,82,21,19,42,74,60,0.0544290288153681,72.41176367498167
48,2022-02-27,-2.190631518151156,72,20,14,38,63,56,0.0925925925925925,60.70421015074481
49,2021-12-17,-2.38701213818861,72,18,20,34,58,61,0.0815558343789209,66.6262100975656
50,2022-05-13,-2.894319286966346,77,21,21,35,92,57,0.0867293625914315,58.527322681987805
51,2022-05-07,-2.8551739372634892,79,19,20,40,66,56,0.0650485436893203,64.80473158545959
52,2022-02-18,-2.0628546520843254,78,21,16,41,70,57,0.0947158524426719,62.50366197183099
53,2022-05-11,-2.330948180948181,77,17,20,40,92,56,0.0856592877767083,71.98723520781618
54,2021-12-29,-2.071236559139786,78,17,21,40,85,63,0.090297790585975,64.23231185298016
55,2022-05-05,-2.933693405473226,80,24,14,42,125,56,0.0706679574056147,65.25231177852692
56,2021-12-15,-2.1141221318845034,73,18,13,42,50,59,0.0754310344827586,74.85793338376826
57,2021-12-14,-1.4060459695572605,69,20,13,36,53,57,0.0933767643865363,71.61206151467931
58,2022-02-25,-3.357936426737283,75,17,21,37,51,57,0.070548712206047,66.2325818626951
59,2021-12-28,-1.6269599713110463,80,19,16,45,116,62,0.0951156812339331,74.05466720083456
60,2022-02-19,-2.2036827956989278,86,21,19,46,92,57,0.0727788279773156,65.34017109874253
61,2022-05-10,-1.5350836302819606,77,21,15,41,100,56,0.0872037914691943,59.46086959521212
62,2022-05-28,-1.7525553439018289,69,17,15,37,55,55,0.0699052132701421,61.60589415358797
63,2022-05-14,-2.239869042874227,73,15,23,35,92,55,0.0674418604651162,64.41115559360544
64,2022-02-09,-2.387436341127144,80,22,18,40,89,61,0.075654704170708,65.66631232582785
65,2022-02-08,-2.1212751962082868,80,20,18,42,82,61,0.0625630676084762,65.94356924241572
66,2022-05-01,-1.810887613950518,74,18,17,39,61,58,0.0980207351555136,61.82956239496937
67,2022-05-15,-1.6142941086691114,76,22,17,37,97,53,0.0993897122929381,56.163099808283896
68,2021-12-11,-2.9183476052231967,68,17,18,33,78,60,0.1107994389901823,64.97499560555458
69,2022-05-29,-1.4195662473326145,76,19,21,36,95,56,0.0750816104461371,62.00503727531683
70,2022-02-20,-3.5594866071428575,72,21,17,34,55,57,0.0643274853801169,76.14561080417434
71,2021-12-13,-2.6309578407187324,75,17,21,37,76,58,0.0813559322033898,68.49991437969906
72,2022-02-22,-1.8176034191561383,80,20,19,41,33,57,0.0656219392752203,67.50659081448592
73,2022-05-03,-2.7257456822702784,77,21,20,36,59,57,0.0704041720990873,63.80578755440536
74,2022-05-17,-2.0760416666666655,78,18,19,41,94,50,0.0646506777893639,59.043146745877834
75,2022-05-16,-3.003006329113923,80,19,22,39,86,52,0.0711111111111111,57.145133200978805
76,2022-05-02,-3.1208210912601215,86,22,19,45,84,58,0.0644038294168842,63.373297560310135
77,2021-12-12,-1.393574329738934,85,20,21,44,92,60,0.0857392825896763,62.95947933935464
78,2022-05-27,-2.191655471592495,80,22,18,40,103,56,0.089808274470232,65.5831577714321
79,2022-02-12,-1.8544111118678086,78,21,16,41,92,58,0.0736318407960199,63.73211642425022
80,2021-12-23,-1.8224794352833134,78,17,20,41,68,62,0.0808290155440414,66.86285180783548
81,2022-02-06,-2.890408533069765,76,21,14,41,73,59,0.0658561296859169,70.24940876111943
82,2021-12-22,-1.7524780494662848,74,17,19,38,54,62,0.0791527313266443,65.25452435786119
83,2022-02-07,-2.4533802479773996,77,20,19,38,52,61,0.059371362048894,67.57732457983693
84,2022-02-13,-2.736782895469989,85,21,19,45,60,59,0.0669491525423728,67.86162005785921
85,2022-05-26,-1.8533915827036063,77,22,13,42,83,55,0.070210631895687,64.54772104393663
86,2022-05-30,-2.712636029323538,75,21,17,37,70,55,0.0529344073647871,61.95880717247915
87,2022-05-24,-1.7344634955752196,74,18,20,36,47,57,0.088335220838052,62.035068418776284
88,2022-02-05,-2.978496090198219,72,19,18,35,72,59,0.06826801517067,71.07097744807098
89,2021-12-20,-2.6894677495291908,79,21,21,37,80,63,0.1226330027051397,63.25652813106353
90,2022-05-18,-2.789927080226658,74,21,14,39,113,50,0.0672645739910313,74.24828200706295
91,2022-02-11,-3.0153819821996684,82,21,21,40,80,60,0.0887465690759377,69.17637248308249
92,2022-05-19,-2.4692896622464304,72,22,11,39,85,53,0.1086323957322987,66.37562489355494
93,2022-02-10,-2.7558224894283834,83,22,22,39,101,61,0.0654307524536532,64.77025146487284
94,2022-02-04,-2.2539792922268593,73,19,18,36,96,59,0.0658616904500548,69.02665389834169
95,2021-12-21,-1.555367154811716,78,20,21,37,74,62,0.0878306878306878,68.83196196448473
96,2022-05-25,-2.300167159591737,77,18,20,39,79,56,0.0666666666666666,70.57026494843436
97,2022-05-31,0.18108276486460248,79,20,18,41,90,55,0.067127344521224,59.6306023408507
98,2021-12-25,-2.185402821793334,82,21,22,39,73,61,0.0747889022919179,73.49270557716034
99,2022-05-09,-3.090023847376788,78,21,16,41,66,55,0.0908152734778121,63.70636201802296
100,2022-02-14,-2.1149066299489494,72,18,19,35,76,58,0.0842639593908629,61.355771461588034
101,2021-12-31,-2.3260636830627828,88,22,20,46,86,61,0.0520930232558139,72.08677342379268
102,2021-12-19,-2.2838700031476247,71,21,15,35,80,61,0.0821917808219178,65.88107221208267
103,2022-02-28,-3.531549787229834,74,17,20,37,58,59,0.0838117106773823,65.48538544417433
104,2022-05-21,-2.164060133447946,77,21,19,37,72,57,0.068893528183716,64.59503652904763
105,2022-05-20,-1.2969664902998277,65,17,14,34,57,54,0.0963704630788485,63.74117495971368
106,2021-12-18,-3.3292683298163235,82,19,19,44,61,61,0.121131741821397,78.8785749738767
107,2022-02-15,-1.7827604019911722,83,21,21,41,64,58,0.0705009276437847,62.22179691021242
108,2021-12-30,-1.772836220469302,80,21,20,39,79,61,0.0620608899297423,60.50246490469721
109,2022-05-08,-1.8856018631557192,76,20,16,40,71,54,0.1043129388164493,66.94439768276943
110,2021-12-24,-3.003471116957151,79,21,21,37,71,62,0.0791717417783191,69.07807308116199
111,2022-02-01,-2.532299245755705,81,21,19,41,54,59,0.0643821391484942,69.10186414864737
112,2022-02-17,-3.8608609387949913,74,20,18,36,67,57,0.076049943246311,70.92480825384291
113,2021-12-26,-1.2129717722206081,72,17,16,39,58,61,0.0639730639730639,66.88439507190347
114,2022-05-22,-1.4445226086375735,71,17,19,35,49,56,0.074315514993481,61.117432996294795
115,2022-05-23,-2.348421828908553,75,21,17,37,48,56,0.0696409140369967,61.523902692031676
116,2022-02-02,-2.392940659407271,83,22,18,43,100,59,0.054910242872228,68.96670595167943
117,2021-12-27,-1.8309459274469542,83,21,21,41,78,62,0.0651769087523277,68.56923958725918
118,2022-02-16,-1.7442119258895319,80,23,19,38,108,57,0.0815370196813495,65.7956591353483
119,2022-03-31,-3.030668435507141,71,18,13,40,102,56,0.0824544582933844,72.62338020402537
120,2022-03-19,-2.275387767613703,79,22,16,41,104,56,0.0651499482936918,66.01680341880342
121,2022-04-10,-2.05513894839879,81,22,15,44,98,57,0.1140562248995984,60.32466064376864
122,2022-04-04,-2.472702629438873,77,22,20,35,105,57,0.0817469204927211,69.00963208941624
123,2022-01-20,-2.7088424475922968,79,22,16,41,85,59,0.0644549763033175,66.67346475343399
124,2022-06-15,-2.0861524968106444,80,21,20,39,103,55,0.0621592148309705,73.1701165479138
125,2022-01-09,-1.9699640454650902,76,19,19,38,107,65,0.084304932735426,65.02090194421396
126,2022-06-14,-1.996431451612904,70,21,14,35,68,53,0.0895361380798274,61.8637091503268
127,2022-01-21,-2.175402728589572,76,19,19,38,75,59,0.0636461704422869,69.03587825111697
128,2022-04-05,-3.0482440119084186,78,21,14,43,67,56,0.061356297093649,70.66797466253459
129,2022-03-18,-1.9134698860553472,78,18,18,42,69,56,0.09072375127421,64.597782090536
130,2022-04-11,-2.370998265568859,77,19,21,37,55,57,0.0651387213510253,64.95759067419297
131,2022-03-30,-2.192451402794695,74,16,22,36,65,57,0.0648464163822525,72.36756474097741
132,2022-03-26,-2.6895530015297764,74,18,19,37,71,58,0.0625,65.11811688502192
133,2022-04-07,-2.4553732030392057,72,18,13,41,80,59,0.0871327254305977,64.06526118909852
134,2022-04-13,-3.1749777133664874,77,19,20,38,76,56,0.0705754614549402,71.33847864770647
135,2022-01-23,-1.9276375650810231,85,22,18,45,95,59,0.0842191332788225,64.29285300925926
136,2022-06-02,-2.5867955084888465,66,16,15,35,40,55,0.0909090909090909,62.7191709151373
137,2022-06-16,-2.124997838317693,69,21,13,35,81,56,0.1008991008991009,64.14419900493225
138,2022-06-17,-2.1913770091041935,78,21,22,35,72,58,0.0687830687830687,75.51578180242967
139,2022-06-03,-1.4467091149937228,81,20,20,41,88,57,0.0785935884177869,63.03987869075269
140,2022-01-22,-1.39072513380828,86,23,17,46,111,59,0.0612612612612612,65.96101126138055
141,2022-04-12,-1.7825687709025042,74,21,18,35,60,56,0.0692737430167597,63.298594741404756
142,2022-04-06,-3.3118815009874925,71,17,14,40,66,58,0.0849150849150849,74.30056523574098
143,2022-03-27,-1.230610546664921,69,17,19,33,95,58,0.0992438563327032,63.22277713883227
144,2022-04-02,-2.8599820909865254,69,18,15,36,109,57,0.071504802561366,64.86565579019201
145,2022-04-16,-2.3302065545064594,85,22,21,42,89,56,0.0770031217481789,64.3385815467075
146,2022-03-23,-1.6620981597346622,83,22,21,40,103,58,0.0834105653382761,63.98512771996215
147,2022-06-07,-1.3669989632605497,75,19,19,37,74,55,0.0596379126730564,62.049177020135076
148,2022-06-13,-2.986431451612904,76,21,18,37,54,53,0.0796555435952637,62.719762746979384
149,2022-01-26,-1.9255295747041268,78,20,17,41,102,60,0.0668724279835391,65.98507083720793
150,2022-01-27,0.06870007926345818,63,21,19,23,44,61,0.0739371534195933,60.321266968325794
151,2022-06-12,-1.7800101388835758,80,21,18,41,64,53,0.057633973710819,60.81682238552318
152,2022-06-06,-1.9660584969700343,78,17,20,41,78,55,0.0701071080817916,59.796485312352004
153,2022-04-17,-1.7851387586006395,75,16,18,41,64,54,0.1043397968605724,56.729494384380736
154,2022-04-03,-2.311031071411418,80,22,22,36,95,59,0.083594566353187,61.12217211682568
155,2022-04-15,-2.4871214207930334,85,21,22,42,63,58,0.0861889927310488,63.11762252522945
156,2022-04-29,-2.9471061250727013,80,22,17,41,100,57,0.0762970498474059,66.65839014293971
157,2022-03-20,-2.288679229850647,66,16,17,33,42,57,0.0816568047337278,70.17217461148874
158,2022-01-19,-1.6697744107390016,78,22,17,39,105,57,0.0561056105610561,65.83345202925061
159,2022-06-10,-2.099592558885873,80,19,22,39,89,55,0.0713476783691959,56.8679042578168
160,2022-06-04,-1.5159171570038443,80,17,18,45,80,55,0.0876736111111111,67.19999951216023
161,2022-01-25,-2.4248908192897574,71,17,20,34,60,60,0.0684150513112884,64.5536610906217
162,2022-01-31,-2.0636574513401187,80,21,19,40,74,59,0.0584926884139482,61.964398678358656
163,2022-01-30,-2.3247228816036105,85,21,22,42,88,61,0.052200614124872,67.43137045561059
164,2022-01-24,-1.7236301702143237,72,19,20,33,70,60,0.0858960763520678,67.04716055738761
165,2022-06-05,-1.596331967213119,79,19,19,41,93,55,0.0821917808219178,58.89645775873417
166,2022-01-18,-2.3569417568570326,66,15,20,31,37,57,0.0580296896086369,63.42855153006249
167,2022-06-11,-2.229695340501793,78,21,22,35,56,54,0.0588957055214723,63.7132790147125
168,2022-04-28,-2.2398680675108227,81,21,18,42,64,57,0.0542476970317297,65.74298742644494
169,2022-03-21,-3.247347945350001,75,20,15,40,120,58,0.1047448522829006,63.66704380703301
170,2022-03-09,-1.638228438228436,74,18,17,39,99,61,0.0807651434643995,62.51116522279548
171,2022-04-14,-2.7582896401796266,77,23,14,40,107,56,0.0693467336683417,63.09548840862185
